<?xml version="1.0" encoding="UTF-8"?>
<project-private xmlns="http://www.netbeans.org/ns/project-private/1">
    <editor-bookmarks xmlns="http://www.netbeans.org/ns/editor-bookmarks/2" lastBookmarkId="0"/>
    <open-files xmlns="http://www.netbeans.org/ns/projectui-open-files/2">
        <group>
            <file>file:/C:/Users/Albert%20Leme%20de%20Brito/OneDrive%20-%20Fatec%20Centro%20Paula%20Souza/4%20Semestre/Programacao%20Orientada%20a%20Objetos/Projetos/prjAlbertCamilaGuilherme/src/Aplic.java</file>
            <file>file:/C:/Users/Albert%20Leme%20de%20Brito/OneDrive%20-%20Fatec%20Centro%20Paula%20Souza/4%20Semestre/Programacao%20Orientada%20a%20Objetos/Projetos/prjAlbertCamilaGuilherme/src/fatec/poo/model/Cliente.java</file>
            <file>file:/C:/Users/Albert%20Leme%20de%20Brito/OneDrive%20-%20Fatec%20Centro%20Paula%20Souza/4%20Semestre/Programacao%20Orientada%20a%20Objetos/Projetos/prjAlbertCamilaGuilherme/src/fatec/poo/model/Vendedor.java</file>
            <file>file:/C:/Users/Albert%20Leme%20de%20Brito/OneDrive%20-%20Fatec%20Centro%20Paula%20Souza/4%20Semestre/Programacao%20Orientada%20a%20Objetos/Projetos/prjAlbertCamilaGuilherme/src/fatec/poo/model/Pedido.java</file>
            <file>file:/C:/Users/Albert%20Leme%20de%20Brito/OneDrive%20-%20Fatec%20Centro%20Paula%20Souza/4%20Semestre/Programacao%20Orientada%20a%20Objetos/Projetos/prjAlbertCamilaGuilherme/src/fatec/poo/model/Produto.java</file>
            <file>file:/C:/Users/Albert%20Leme%20de%20Brito/OneDrive%20-%20Fatec%20Centro%20Paula%20Souza/4%20Semestre/Programacao%20Orientada%20a%20Objetos/Projetos/prjAlbertCamilaGuilherme/src/fatec/poo/model/Pessoa.java</file>
            <file>file:/C:/Users/Albert%20Leme%20de%20Brito/OneDrive%20-%20Fatec%20Centro%20Paula%20Souza/4%20Semestre/Programacao%20Orientada%20a%20Objetos/Projetos/prjAlbertCamilaGuilherme/src/fatec/poo/model/ItemPedido.java</file>
        </group>
    </open-files>
</project-private>
